{
    "PikachuJump": {
        "Frame0": [ 1.0, 453.0, 270.0, 236.0 ],
        "Frame1": [ 270.0, 453.0, 542.0, 236.0 ],
        "Frame2": [ 542.0, 453.0, 804.0, 236.0 ],
        "Frame3": [ 804.0, 453.0, 1064.0, 236.0 ],
        "Frame4": [ 1064.0, 453.0, 1331.0, 236.0 ],
        "Frame5": [ 1331.0, 453.0, 1603.0, 236.0 ],
        "NumFrames": 6,
        "Repeating": true,
        "SecsPerFrame": 0.09000000357627869
    },
    "PikachuStand": {
        "Frame0": [ 1.0, 235.0, 270.0, 4.0 ],
        "Frame1": [ 270.0, 235.0, 542.0, 4.0 ],
        "Frame2": [ 542.0, 235.0, 804.0, 4.0 ],
        "Frame3": [ 804.0, 235.0, 1064.0, 4.0 ],
        "Frame4": [ 1064.0, 235.0, 1331.0, 4.0 ],
        "Frame5": [ 1331.0, 235.0, 1603.0, 4.0 ],
        "NumFrames": 6,
        "Repeating": true,
        "SecsPerFrame": 0.1599999964237213
    },
    "PikachuJump2": {
        "Frame0": [ 270.0, 453.0, 1.0, 236.0 ],
        "Frame1": [ 542.0, 453.0, 270.0, 236.0 ],
        "Frame2": [ 804.0, 453.0, 542.0, 236.0 ],
        "Frame3": [ 1064.0, 453.0, 804.0, 236.0 ],
        "Frame4": [ 1331.0, 453.0, 1064.0, 236.0 ],
        "Frame5": [ 1603.0, 453.0, 1331.0, 236.0 ],
        "NumFrames": 6,
        "Repeating": true,
        "SecsPerFrame": 0.09000000357627869
    }
}