{"runLeft":{"Frame0":[2.0,402.0,402.0,2.0],"Frame1":[406.0,402.0,806.0,2.0],"Frame2":[810.0,402.0,1210.0,2.0],"Frame3":[2.0,806.0,402.0,406.0],"Frame4":[406.0,806.0,806.0,406.0],"Frame5":[810.0,806.0,1210.0,406.0],"NumFrames":6,"Repeating":true,"SecsPerFrame":0.08299999684095383},"runRight":{"Frame0":[402.0,402.0,2.0,2.0],"Frame1":[806.0,402.0,406.0,2.0],"Frame2":[1210.0,402.0,810.0,2.0],"Frame3":[402.0,806.0,2.0,406.0],"Frame4":[806.0,806.0,406.0,406.0],"Frame5":[1210.0,806.0,810.0,406.0],"NumFrames":6,"Repeating":true,"SecsPerFrame":0.08299999684095383}}